{
    "100006_00001_0000": 0.4243443012237549,
    "100010_00001_0000": 0.0025014113634824753,
    "100020_00001_0000": 0.002594791352748871,
    "100022_00001_0000": 0.0021990628447383642,
    "100023_00001_0000": 0.005653293337672949,
    "100028_00001_0000": 0.9990591406822205,
    "100032_00001_0000": 0.0014975166413933039,
    "100034_00001_0000": 0.9998601675033569,
    "100039_00001_0000": 0.0027109964285045862,
    "100040_00001_0000": 0.010145658627152443,
    "100044_00001_0000": 0.001542210578918457,
    "100050_00001_0000": 0.9998773336410522,
    "100059_00001_0000": 0.003756543854251504,
    "100062_00001_0000": 0.003562159836292267,
    "100067_00001_0000": 0.005495018325746059,
    "100068_00001_0000": 0.0021700270008295774,
    "100069_00001_0000": 0.0029033224564045668,
    "100094_00001_0000": 0.004156195092946291,
    "100100_00001_0000": 0.9999059438705444,
    "100126_00001_0000": 0.9991185069084167,
    "100130_00001_0000": 0.7950242161750793,
    "100134_00001_0000": 0.9768970608711243,
    "100136_00001_0000": 0.002191200153902173,
    "100139_00001_0000": 0.003933742642402649,
    "100140_00001_0000": 0.7581048011779785,
    "100141_00001_0000": 0.5492784380912781,
    "100146_00001_0000": 0.003452896373346448,
    "100149_00001_0000": 0.013529087416827679,
    "100155_00001_0000": 0.7346196174621582,
    "100160_00001_0000": 0.01717919483780861,
    "100163_00001_0000": 0.9996529817581177
}